<?xml version="1.0" encoding="utf-8"?>
<ModelInformation Version="1.0">
  <Model>
    <P Name="SavedCharacterEncoding">windows-1252</P>
    <P Name="ScopeRefreshTime">0.035000</P>
    <P Name="OverrideScopeRefreshTime">on</P>
    <P Name="DisableAllScopes">on</P>
    <P Name="DataTypeOverride">UseLocalSettings</P>
    <P Name="DataTypeOverrideAppliesTo">AllNumericTypes</P>
    <P Name="MinMaxOverflowLogging">UseLocalSettings</P>
    <P Name="MinMaxOverflowArchiveMode">Overwrite</P>
    <P Name="FPTRunName">Run 1</P>
    <P Name="MaxMDLFileLineLength">120</P>
    <Object PropName="BdWindowsInfo" ObjectID="1" ClassName="Simulink.BDWindowsInfo">
      <Object PropName="WindowsInfo" ObjectID="2" ClassName="Simulink.WindowInfo">
        <P Name="IsActive" Class="logical">1</P>
        <P Name="Location" Class="double">[543.0, 41.0, 1345.0, 964.0]</P>
        <Object PropName="ModelBrowserInfo" ObjectID="3" ClassName="Simulink.ModelBrowserInfo">
          <P Name="Visible" Class="logical">0</P>
          <P Name="DockPosition" Class="char">Left</P>
          <P Name="Width" Class="int32">50</P>
          <P Name="Height" Class="int32">50</P>
          <P Name="Filter" Class="int32">8</P>
        </Object>
        <Object PropName="ExplorerBarInfo" ObjectID="4" ClassName="Simulink.ExplorerBarInfo">
          <P Name="Visible" Class="logical">1</P>
        </Object>
        <Object PropName="EditorsInfo" ObjectID="5" ClassName="Simulink.EditorInfo">
          <P Name="IsActive" Class="logical">1</P>
          <P Name="ViewObjType" Class="char">SimulinkTopLevel</P>
          <P Name="LoadSaveID" Class="char">0</P>
          <P Name="Extents" Class="double">[1311.0, 828.0]</P>
          <P Name="ZoomFactor" Class="double">1.75</P>
          <P Name="Offset" Class="double">[349.06428571428552, -94.248573221479461]</P>
        </Object>
      </Object>
    </Object>
    <ConfigManagerSettings>
      <P Name="UpdateHistory">UpdateHistoryNever</P>
      <P Name="ModifiedByFormat">%&lt;Auto&gt;</P>
      <P Name="ModifiedDateFormat">%&lt;Auto&gt;</P>
      <P Name="RTWModifiedTimeStamp">649277764</P>
      <P Name="ModelVersionFormat">1.%&lt;AutoIncrement:28&gt;</P>
    </ConfigManagerSettings>
    <EditorSettings>
      <P Name="SampleTimeColors">off</P>
      <P Name="SampleTimeAnnotations">off</P>
      <P Name="LibraryLinkDisplay">disabled</P>
      <P Name="WideLines">off</P>
      <P Name="ShowLineDimensions">off</P>
      <P Name="ShowPortDataTypes">off</P>
      <P Name="ShowDesignRanges">off</P>
      <P Name="ShowLoopsOnError">on</P>
      <P Name="IgnoreBidirectionalLines">off</P>
      <P Name="ShowStorageClass">off</P>
      <P Name="ShowTestPointIcons">on</P>
      <P Name="ShowSignalResolutionIcons">on</P>
      <P Name="ShowViewerIcons">on</P>
      <P Name="SortedOrder">off</P>
      <P Name="ExecutionContextIcon">off</P>
      <P Name="ShowLinearizationAnnotations">on</P>
      <P Name="ShowMarkup">on</P>
      <P Name="BlockNameDataTip">off</P>
      <P Name="BlockParametersDataTip">off</P>
      <P Name="BlockDescriptionStringDataTip">off</P>
      <P Name="ToolBar">on</P>
      <P Name="StatusBar">on</P>
      <P Name="BrowserShowLibraryLinks">off</P>
      <P Name="BrowserLookUnderMasks">off</P>
    </EditorSettings>
    <SimulationSettings>
      <P Name="SimulationMode">normal</P>
      <P Name="PauseTimes">5</P>
      <P Name="NumberOfSteps">1</P>
      <P Name="SnapshotBufferSize">10</P>
      <P Name="SnapshotInterval">10</P>
      <P Name="NumberOfLastSnapshots">0</P>
      <P Name="LinearizationMsg">none</P>
      <P Name="Profile">off</P>
      <P Name="ParamWorkspaceSource">MATLABWorkspace</P>
      <P Name="AccelSystemTargetFile">accel.tlc</P>
      <P Name="AccelTemplateMakefile">accel_default_tmf</P>
      <P Name="AccelMakeCommand">make_rtw</P>
      <P Name="TryForcingSFcnDF">off</P>
      <Object PropName="DataLoggingOverride" ObjectID="6" ClassName="Simulink.SimulationData.ModelLoggingInfo">
        <P Name="model_" Class="char">lab3_simulink</P>
        <P Name="overrideMode_" Class="uint32">0U</P>
        <Array PropName="logAsSpecifiedByModels_" Type="Cell" Dimension="1*1">
          <Cell Class="char">lab3_simulink</Cell>
        </Array>
        <Array PropName="logAsSpecifiedByModelsSSIDs_" Type="Cell" Dimension="1*1">
          <Cell>[]</Cell>
        </Array>
      </Object>
    </SimulationSettings>
    <Verification>
      <P Name="RecordCoverage">off</P>
      <P Name="CovPath">/</P>
      <P Name="CovSaveName">covdata</P>
      <P Name="CovMetricSettings">dw</P>
      <P Name="CovNameIncrementing">off</P>
      <P Name="CovHtmlReporting">on</P>
      <P Name="CovForceBlockReductionOff">on</P>
      <P Name="CovEnableCumulative">on</P>
      <P Name="covSaveCumulativeToWorkspaceVar">on</P>
      <P Name="CovSaveSingleToWorkspaceVar">on</P>
      <P Name="CovCumulativeVarName">covCumulativeData</P>
      <P Name="CovCumulativeReport">off</P>
      <P Name="CovReportOnPause">on</P>
      <P Name="CovModelRefEnable">Off</P>
      <P Name="CovExternalEMLEnable">off</P>
      <P Name="CovSFcnEnable">on</P>
      <P Name="CovBoundaryAbsTol">0.000010</P>
      <P Name="CovBoundaryRelTol">0.010000</P>
      <P Name="CovUseTimeInterval">off</P>
      <P Name="CovStartTime">0</P>
      <P Name="CovStopTime">0</P>
    </Verification>
    <ExternalMode>
      <P Name="ExtModeBatchMode">off</P>
      <P Name="ExtModeEnableFloating">on</P>
      <P Name="ExtModeTrigType">manual</P>
      <P Name="ExtModeTrigMode">normal</P>
      <P Name="ExtModeTrigPort">1</P>
      <P Name="ExtModeTrigElement">any</P>
      <P Name="ExtModeTrigDuration">1000</P>
      <P Name="ExtModeTrigDurationFloating">auto</P>
      <P Name="ExtModeTrigHoldOff">0</P>
      <P Name="ExtModeTrigDelay">0</P>
      <P Name="ExtModeTrigDirection">rising</P>
      <P Name="ExtModeTrigLevel">0</P>
      <P Name="ExtModeArchiveMode">off</P>
      <P Name="ExtModeAutoIncOneShot">off</P>
      <P Name="ExtModeIncDirWhenArm">off</P>
      <P Name="ExtModeAddSuffixToVar">off</P>
      <P Name="ExtModeWriteAllDataToWs">off</P>
      <P Name="ExtModeArmWhenConnect">on</P>
      <P Name="ExtModeSkipDownloadWhenConnect">off</P>
      <P Name="ExtModeLogAll">on</P>
      <P Name="ExtModeAutoUpdateStatusClock">on</P>
    </ExternalMode>
    <ModelReferenceSettings>
      <P Name="ShowModelReferenceBlockVersion">off</P>
      <P Name="ShowModelReferenceBlockIO">off</P>
    </ModelReferenceSettings>
    <ConcurrentExecutionSettings>
      <Object PropName="DataTransfer" ObjectID="7" ClassName="Simulink.GlobalDataTransfer">
        <P Name="DefaultTransitionBetweenSyncTasks" Class="char">Ensure deterministic transfer (maximum delay)</P>
        <P Name="DefaultTransitionBetweenAsyncTasks" Class="char">Ensure data integrity only</P>
        <P Name="DefaultTransitionBetweenContTasks" Class="char">Ensure deterministic transfer (minimum delay)</P>
        <P Name="DefaultExtrapolationMethodBetweenContTasks" Class="char">None</P>
        <P Name="AutoInsertRateTranBlk" Class="logical">0</P>
      </Object>
      <P Name="ExplicitPartitioning">off</P>
    </ConcurrentExecutionSettings>
    <SystemDefaults>
      <P Name="PaperOrientation">landscape</P>
      <P Name="PaperPositionMode">auto</P>
      <P Name="PaperType">usletter</P>
      <P Name="PaperUnits">inches</P>
      <P Name="TiledPaperMargins">[0.500000, 0.500000, 0.500000, 0.500000]</P>
      <P Name="TiledPageScale">1</P>
      <P Name="ShowPageBoundaries">off</P>
      <P Name="ModelBrowserVisibility">off</P>
      <P Name="ModelBrowserWidth">200</P>
      <P Name="ScreenColor">white</P>
    </SystemDefaults>
    <BlockDefaults>
      <P Name="ForegroundColor">black</P>
      <P Name="BackgroundColor">white</P>
      <P Name="DropShadow">off</P>
      <P Name="NamePlacement">normal</P>
      <P Name="FontName">Helvetica</P>
      <P Name="FontSize">10</P>
      <P Name="FontWeight">normal</P>
      <P Name="FontAngle">normal</P>
      <P Name="ShowName">on</P>
      <P Name="BlockRotation">0</P>
      <P Name="BlockMirror">off</P>
    </BlockDefaults>
    <AnnotationDefaults>
      <P Name="HorizontalAlignment">center</P>
      <P Name="VerticalAlignment">middle</P>
      <P Name="ForegroundColor">black</P>
      <P Name="BackgroundColor">white</P>
      <P Name="DropShadow">off</P>
      <P Name="FontName">Helvetica</P>
      <P Name="FontSize">10</P>
      <P Name="FontWeight">normal</P>
      <P Name="FontAngle">normal</P>
      <P Name="UseDisplayTextAsClickCallback">off</P>
    </AnnotationDefaults>
    <LineDefaults>
      <P Name="FontName">Helvetica</P>
      <P Name="FontSize">9</P>
      <P Name="FontWeight">normal</P>
      <P Name="FontAngle">normal</P>
    </LineDefaults>
    <MaskDefaults>
      <P Name="SelfModifiable">off</P>
      <P Name="IconFrame">on</P>
      <P Name="IconOpaque">on</P>
      <P Name="RunInitForIconRedraw">off</P>
      <P Name="IconRotate">none</P>
      <P Name="PortRotate">default</P>
      <P Name="IconUnits">autoscale</P>
    </MaskDefaults>
    <MaskParameterDefaults>
      <P Name="Evaluate">on</P>
      <P Name="Tunable">on</P>
      <P Name="NeverSave">off</P>
      <P Name="Internal">off</P>
      <P Name="ReadOnly">off</P>
      <P Name="Enabled">on</P>
      <P Name="Visible">on</P>
      <P Name="ToolTip">on</P>
    </MaskParameterDefaults>
    <BlockParameterDefaults>
      <Block BlockType="Abs">
        <P Name="ZeroCross">on</P>
        <P Name="SampleTime">-1</P>
        <P Name="OutMin">[]</P>
        <P Name="OutMax">[]</P>
        <P Name="OutDataTypeStr">Inherit: Same as input</P>
        <P Name="LockScale">off</P>
        <P Name="RndMeth">Floor</P>
        <P Name="SaturateOnIntegerOverflow">on</P>
      </Block>
      <Block BlockType="DataTypeConversion">
        <P Name="OutMin">[]</P>
        <P Name="OutMax">[]</P>
        <P Name="OutDataTypeStr">Inherit: Inherit via back propagation</P>
        <P Name="LockScale">off</P>
        <P Name="ConvertRealWorld">Real World Value (RWV)</P>
        <P Name="RndMeth">Zero</P>
        <P Name="SaturateOnIntegerOverflow">on</P>
        <P Name="SampleTime">-1</P>
      </Block>
      <Block BlockType="DiscreteFir">
        <P Name="CoefSource">Dialog parameters</P>
        <P Name="FilterStructure">Direct form</P>
        <P Name="Coefficients">[0.5 0.5]</P>
        <P Name="InputProcessing">Elements as channels (sample based)</P>
        <P Name="InitialStates">0</P>
        <P Name="SampleTime">-1</P>
        <P Name="CoefMin">[]</P>
        <P Name="CoefMax">[]</P>
        <P Name="OutMin">[]</P>
        <P Name="OutMax">[]</P>
        <P Name="TapSumDataTypeStr">Inherit: Same as input</P>
        <P Name="CoefDataTypeStr">Inherit: Same word length as input</P>
        <P Name="ProductDataTypeStr">Inherit: Inherit via internal rule</P>
        <P Name="AccumDataTypeStr">Inherit: Inherit via internal rule</P>
        <P Name="StateDataTypeStr">Inherit: Same as accumulator</P>
        <P Name="OutDataTypeStr">Inherit: Same as accumulator</P>
        <P Name="LockScale">off</P>
        <P Name="RndMeth">Floor</P>
        <P Name="SaturateOnIntegerOverflow">off</P>
      </Block>
      <Block BlockType="Inport">
        <P Name="Port">1</P>
        <P Name="OutputFunctionCall">off</P>
        <P Name="OutMin">[]</P>
        <P Name="OutMax">[]</P>
        <P Name="OutDataTypeStr">Inherit: auto</P>
        <P Name="LockScale">off</P>
        <P Name="BusOutputAsStruct">off</P>
        <P Name="PortDimensions">-1</P>
        <P Name="VarSizeSig">Inherit</P>
        <P Name="SampleTime">-1</P>
        <P Name="SignalType">auto</P>
        <P Name="SamplingMode">auto</P>
        <P Name="LatchByDelayingOutsideSignal">off</P>
        <P Name="LatchInputForFeedbackSignals">off</P>
        <P Name="Interpolate">on</P>
      </Block>
      <Block BlockType="M-S-Function">
        <P Name="FunctionName">matlabfile</P>
        <P Name="DisplayMFileStacktrace">on</P>
      </Block>
      <Block BlockType="Mux">
        <P Name="Inputs">4</P>
        <P Name="DisplayOption">none</P>
        <P Name="UseBusObject">off</P>
        <P Name="BusObject">BusObject</P>
        <P Name="NonVirtualBus">off</P>
      </Block>
      <Block BlockType="Outport">
        <P Name="Port">1</P>
        <P Name="OutMin">[]</P>
        <P Name="OutMax">[]</P>
        <P Name="OutDataTypeStr">Inherit: auto</P>
        <P Name="LockScale">off</P>
        <P Name="BusOutputAsStruct">off</P>
        <P Name="PortDimensions">-1</P>
        <P Name="VarSizeSig">Inherit</P>
        <P Name="SampleTime">-1</P>
        <P Name="SignalType">auto</P>
        <P Name="SamplingMode">auto</P>
        <P Name="SourceOfInitialOutputValue">Dialog</P>
        <P Name="OutputWhenDisabled">held</P>
        <P Name="InitialOutput">[]</P>
      </Block>
      <Block BlockType="Product">
        <P Name="Inputs">2</P>
        <P Name="Multiplication">Element-wise(.*)</P>
        <P Name="CollapseMode">All dimensions</P>
        <P Name="CollapseDim">1</P>
        <P Name="InputSameDT">on</P>
        <P Name="OutMin">[]</P>
        <P Name="OutMax">[]</P>
        <P Name="OutDataTypeStr">Inherit: Same as first input</P>
        <P Name="LockScale">off</P>
        <P Name="RndMeth">Zero</P>
        <P Name="SaturateOnIntegerOverflow">on</P>
        <P Name="SampleTime">-1</P>
      </Block>
      <Block BlockType="SubSystem">
        <P Name="ShowPortLabels">FromPortIcon</P>
        <P Name="Permissions">ReadWrite</P>
        <P Name="PermitHierarchicalResolution">All</P>
        <P Name="TreatAsAtomicUnit">off</P>
        <P Name="MinAlgLoopOccurrences">off</P>
        <P Name="PropExecContextOutsideSubsystem">off</P>
        <P Name="CheckFcnCallInpInsideContextMsg">off</P>
        <P Name="SystemSampleTime">-1</P>
        <P Name="RTWSystemCode">Auto</P>
        <P Name="RTWFcnNameOpts">Auto</P>
        <P Name="RTWFileNameOpts">Auto</P>
        <P Name="FunctionInterfaceSpec">void_void</P>
        <P Name="FunctionWithSeparateData">off</P>
        <P Name="RTWMemSecFuncInitTerm">Inherit from model</P>
        <P Name="RTWMemSecFuncExecute">Inherit from model</P>
        <P Name="RTWMemSecDataConstants">Inherit from model</P>
        <P Name="RTWMemSecDataInternal">Inherit from model</P>
        <P Name="RTWMemSecDataParameters">Inherit from model</P>
        <P Name="SimViewingDevice">off</P>
        <P Name="DataTypeOverride">UseLocalSettings</P>
        <P Name="DataTypeOverrideAppliesTo">AllNumericTypes</P>
        <P Name="MinMaxOverflowLogging">UseLocalSettings</P>
        <P Name="Opaque">off</P>
        <P Name="MaskHideContents">off</P>
        <P Name="SFBlockType">NONE</P>
        <P Name="Variant">off</P>
        <P Name="GeneratePreprocessorConditionals">off</P>
        <P Name="ContentPreviewEnabled">off</P>
        <P Name="IsWebBlock">off</P>
      </Block>
      <Block BlockType="ToFile">
        <P Name="Filename">untitled.mat</P>
        <P Name="MatrixName">ans</P>
        <P Name="SaveFormat">Array</P>
        <P Name="Decimation">1</P>
        <P Name="SampleTime">-1</P>
      </Block>
      <Block BlockType="Unbuffer">
        <P Name="ic">0</P>
        <P Name="SampleBasedProcessing">Pass through (this choice will be removed - see release notes)</P>
      </Block>
    </BlockParameterDefaults>
    <System>
      <P Name="Location">[543, 41, 1888, 1005]</P>
      <P Name="Open">on</P>
      <P Name="TiledPaperMargins">[0.500000, 0.500000, 0.500000, 0.500000]</P>
      <P Name="ZoomFactor">175</P>
      <P Name="ReportName">simulink-default.rpt</P>
      <P Name="SIDHighWatermark">24</P>
      <Block BlockType="Abs" Name="Abs" SID="6">
        <P Name="Position">[490, 215, 520, 245]</P>
        <P Name="ZOrder">6</P>
        <P Name="SaturateOnIntegerOverflow">off</P>
      </Block>
      <Block BlockType="Abs" Name="Abs1" SID="18">
        <P Name="Position">[490, 90, 520, 120]</P>
        <P Name="ZOrder">101</P>
        <P Name="SaturateOnIntegerOverflow">off</P>
      </Block>
      <Block BlockType="SubSystem" Name="Bandpass Filter" SID="1">
        <P Name="Ports">[1, 1]</P>
        <P Name="Position">[340, 209, 440, 251]</P>
        <P Name="ZOrder">1</P>
        <P Name="UserDataPersistent">on</P>
        <P Name="UserData" Ref="bdmxdata:DataTag0"></P>
        <P Name="DialogController">fdesignblkfcn</P>
        <P Name="DialogControllerArgs" Ref="bdmxdata:DataTag1"></P>
        <P Name="CopyFcn">fdesignblkfcn(gcbh, {&apos;CopyFcn&apos;});</P>
        <P Name="InitFcn">fdesignblkfcn(gcbh, {&apos;InitFcn&apos;});</P>
        <P Name="RequestExecContextInheritance">off</P>
        <Object PropName="MaskObject" ObjectID="8" ClassName="Simulink.Mask">
          <P Name="Type" Class="char">Bandpass Filter</P>
          <P Name="Description" Class="char">Design a bandpass filter</P>
          <P Name="Help" Class="char">helpview(mapfilelocation(&apos;dsp&apos;), &apos;dspbandpassfilter&apos;);</P>
          <P Name="SelfModifiable" Class="char">on</P>
          <P Name="Display" Class="char">disp(&apos;Bandpass&apos;);</P>
          <P Name="Capabilities" Class="char">dspmaskedcaps(gcbh)</P>
        </Object>
        <System>
          <P Name="Location">[665, 214, 1317, 1085]</P>
          <P Name="Open">off</P>
          <P Name="TiledPaperMargins">[0.500000, 0.500000, 0.500000, 0.500000]</P>
          <P Name="ZoomFactor">100</P>
          <P Name="SIDHighWatermark">819</P>
          <Block BlockType="Inport" Name="In" SID="1:2">
            <P Name="Position">[110, 103, 140, 117]</P>
            <P Name="ZOrder">-1</P>
            <P Name="IconDisplay">Port number</P>
          </Block>
          <Block BlockType="DiscreteFir" Name="Generated Filter Block" SID="1:819">
            <P Name="Tag">BlockMethodSubSystem</P>
            <P Name="Ports">[1, 1]</P>
            <P Name="Position">[220, 90, 295, 130]</P>
            <P Name="ZOrder">11</P>
            <P Name="Coefficients">[-9.7066588284270048e-20 -1.9044423256952615e-05 -3.5042718823172766e-05 -4.4807719825143353e-05 -4.5567280109715214e-05 -3.5219071376037001e-05 -1.2566832640538831e-05 2.2477748850210183e-05 6.8746329856826839e-05 0.00012373897417179035 0.00018364330584267209 0.00024346501349722092 0.00029728073065491296 0.00033861492674996772 0.00036093040336402629 0.00035820828397517676 0.00032557941097418372 0.0002599565024307643 0.00016060705750857635 2.9602505805759997e-05 -0.00012791919221331879 -0.0003037315778843503 -0.00048677665569194672 -0.00066371693142762433 -0.00081977170567080506 -0.00093979727898122259 -0.001009541477783594 -0.0010169770659436866 -0.0009535992818404458 -0.00081556269315769165 -0.00060453385821604357 -0.0003281500071823974 1.3026996240236752e-18 0.00036091922099598179 0.00073127225101849466 0.0010849327740993554 0.0013949112623725371 0.0016355204203750049 0.0017846012484941276 0.0018256120596552639 0.0017493796388294641 0.001555327713823481 0.0012520329610216285 0.0008570109488230908 0.0003956999203308493 -0.00010031627534579806 -0.00059573006989686742 -0.0010543920094732372 -0.0014424118496333066 -0.0017312017957872362 -0.0019001726269555566 -0.0019388084332589079 -0.0018478882200996666 -0.0016396904076892227 -0.001337104385200843 -0.00097167455182888224 -0.00058070771915937872 -0.00020367438747929246 0.00012178182357201864 0.00036385360046769139 0.0005001989403861936 0.00052080130177256526 0.00042972187623116194 0.00024549074262117919 -6.5519947091882275e-19 -0.0002641002738728534 -0.00049735500687277676 -0.00064851427405487275 -0.00067018306520218889 -0.00052459840768443052 -0.0001889689641773141 0.00034019037963081895 0.0010442453309613309 0.001881563110656567 0.0027888299531657881 0.0036846416750790827 0.0044752368273439759 0.005062031623457793 0.0053504212256518489 0.0052591518963344946 0.0047294598397193298 0.0037331285176027498 0.0022786450626614109 0.00041474033817082845 -0.0017692281561480106 -0.0041463568556569328 -0.006558769024306554 -0.0088274099101692555 -0.010764498450602051 -0.012187803187946064 -0.012935697127694851 -0.012881808406232986 -0.011948036879107893 -0.010114760172307535 -0.0074272073597878765 -0.0039972267037172481 5.2492950851645509e-18 0.0043343631135675798 0.0087340107907784674 0.012902574048254914 0.016539329842932604 0.019360910578682729 0.021122975864728812 0.021640187116165964 0.020802878702137963 0.018589001722594856 0.015070218552972236 0.01041142840998025 0.0048634779709632522 -0.0012506785757137296 -0.0075555979048902606 -0.013647507136755674 -0.019121382890505238 -0.023599056579892485 -0.026756318585830479 -0.02834701119854131 -0.028222271249457628 -0.026343398434246216 -0.02278726318863793 -0.017743697271463996 -0.011504891841311345 -0.0044474179341587091 0.0029919623316966384 0.010345051741279927 0.017143542281197032 0.022950697652655314 0.027391135842824384 0.030176573770733611 0.031125676488437466 0.030176573770733611 0.027391135842824384 0.022950697652655314 0.017143542281197032 0.010345051741279927 0.0029919623316966384 -0.0044474179341587091 -0.011504891841311345 -0.017743697271463996 -0.02278726318863793 -0.026343398434246216 -0.028222271249457628 -0.02834701119854131 -0.026756318585830479 -0.023599056579892485 -0.019121382890505238 -0.013647507136755674 -0.0075555979048902606 -0.0012506785757137296 0.0048634779709632522 0.01041142840998025 0.015070218552972236 0.018589001722594856 0.020802878702137963 0.021640187116165964 0.021122975864728812 0.019360910578682729 0.016539329842932604 0.012902574048254914 0.0087340107907784674 0.0043343631135675798 5.2492950851645509e-18 -0.0039972267037172481 -0.0074272073597878765 -0.010114760172307535 -0.011948036879107893 -0.012881808406232986 -0.012935697127694851 -0.012187803187946064 -0.010764498450602051 -0.0088274099101692555 -0.006558769024306554 -0.0041463568556569328 -0.0017692281561480106 0.00041474033817082845 0.0022786450626614109 0.0037331285176027498 0.0047294598397193298 0.0052591518963344946 0.0053504212256518489 0.005062031623457793 0.0044752368273439759 0.0036846416750790827 0.0027888299531657881 0.001881563110656567 0.0010442453309613309 0.00034019037963081895 -0.0001889689641773141 -0.00052459840768443052 -0.00067018306520218889 -0.00064851427405487275 -0.00049735500687277676 -0.0002641002738728534 -6.5519947091882275e-19 0.00024549074262117919 0.00042972187623116194 0.00052080130177256526 0.0005001989403861936 0.00036385360046769139 0.00012178182357201864 -0.00020367438747929246 -0.00058070771915937872 -0.00097167455182888224 -0.001337104385200843 -0.0016396904076892227 -0.0018478882200996666 -0.0019388084332589079 -0.0019001726269555566 -0.0017312017957872362 -0.0014424118496333066 -0.0010543920094732372 -0.00059573006989686742 -0.00010031627534579806 0.0003956999203308493 0.0008570109488230908 0.0012520329610216285 0.001555327713823481 0.0017493796388294641 0.0018256120596552639 0.0017846012484941276 0.0016355204203750049 0.0013949112623725371 0.0010849327740993554 0.00073127225101849466 0.00036091922099598179 1.3026996240236752e-18 -0.0003281500071823974 -0.00060453385821604357 -0.00081556269315769165 -0.0009535992818404458 -0.0010169770659436866 -0.001009541477783594 -0.00093979727898122259 -0.00081977170567080506 -0.00066371693142762433 -0.00048677665569194672 -0.0003037315778843503 -0.00012791919221331879 2.9602505805759997e-05 0.00016060705750857635 0.0002599565024307643 0.00032557941097418372 0.00035820828397517676 0.00036093040336402629 0.00033861492674996772 0.00029728073065491296 0.00024346501349722092 0.00018364330584267209 0.00012373897417179035 6.8746329856826839e-05 2.2477748850210183e-05 -1.2566832640538831e-05 -3.5219071376037001e-05 -4.5567280109715214e-05 -4.4807719825143353e-05 -3.5042718823172766e-05 -1.9044423256952615e-05 -9.7066588284270048e-20]</P>
            <P Name="InputProcessing">Columns as channels (frame based)</P>
          </Block>
          <Block BlockType="Outport" Name="Out" SID="1:808">
            <P Name="Position">[360, 103, 390, 117]</P>
            <P Name="ZOrder">-3</P>
            <P Name="IconDisplay">Port number</P>
          </Block>
          <Line>
            <P Name="ZOrder">1</P>
            <P Name="Src">1:2#out:1</P>
            <P Name="Dst">1:819#in:1</P>
          </Line>
          <Line>
            <P Name="ZOrder">2</P>
            <P Name="Src">1:819#out:1</P>
            <P Name="Dst">1:808#in:1</P>
          </Line>
        </System>
      </Block>
      <Block BlockType="SubSystem" Name="Bandpass Filter1" SID="17">
        <P Name="Ports">[1, 1]</P>
        <P Name="Position">[340, 84, 440, 126]</P>
        <P Name="ZOrder">99</P>
        <P Name="UserDataPersistent">on</P>
        <P Name="UserData" Ref="bdmxdata:DataTag2"></P>
        <P Name="DialogController">fdesignblkfcn</P>
        <P Name="DialogControllerArgs" Ref="bdmxdata:DataTag3"></P>
        <P Name="CopyFcn">fdesignblkfcn(gcbh, {&apos;CopyFcn&apos;});</P>
        <P Name="InitFcn">fdesignblkfcn(gcbh, {&apos;InitFcn&apos;});</P>
        <P Name="RequestExecContextInheritance">off</P>
        <Object PropName="MaskObject" ObjectID="9" ClassName="Simulink.Mask">
          <P Name="Type" Class="char">Bandpass Filter</P>
          <P Name="Description" Class="char">Design a bandpass filter</P>
          <P Name="Help" Class="char">helpview(mapfilelocation(&apos;dsp&apos;), &apos;dspbandpassfilter&apos;);</P>
          <P Name="SelfModifiable" Class="char">on</P>
          <P Name="Display" Class="char">disp(&apos;Bandpass&apos;);</P>
          <P Name="Capabilities" Class="char">dspmaskedcaps(gcbh)</P>
        </Object>
        <System>
          <P Name="Location">[665, 214, 1317, 1085]</P>
          <P Name="Open">off</P>
          <P Name="TiledPaperMargins">[0.500000, 0.500000, 0.500000, 0.500000]</P>
          <P Name="ZoomFactor">100</P>
          <P Name="SIDHighWatermark">818</P>
          <Block BlockType="Inport" Name="In" SID="17:2">
            <P Name="Position">[110, 103, 140, 117]</P>
            <P Name="ZOrder">-1</P>
            <P Name="IconDisplay">Port number</P>
          </Block>
          <Block BlockType="DiscreteFir" Name="Generated Filter Block" SID="17:818">
            <P Name="Tag">BlockMethodSubSystem</P>
            <P Name="Ports">[1, 1]</P>
            <P Name="Position">[220, 90, 295, 130]</P>
            <P Name="ZOrder">10</P>
            <P Name="Coefficients">[2.7307872428990171e-19 5.5050397118362415e-05 0.00011031048930785753 0.00016510550371476556 0.00021871951556802708 0.000270387752431285 0.00031929278545859367 0.00036456582824064601 0.00040529409628732208 0.00044053484002776319 0.00046933626668955574 0.00049076513020038248 0.00050394031460795029 0.00050807128840654932 0.00050249988824661613 0.00048674352405355959 0.00046053760538144789 0.00042387479012566127 0.00037703856724684688 0.00032062871626815204 0.0002555763442741806 0.00018314648666150506 0.00010492666581135255 2.2800321131725834e-05 -6.1095362163765215e-05 -0.00014442701152151988 -0.00022473706575664316 -0.0002995285176497421 -0.00036635997075341788 -0.00042294789701300382 -0.00046727238107748307 -0.0004976821512057949 -0.00051299435420516933 -0.00051258435724146467 -0.00049646087140404582 -0.00046532190269926569 -0.00042058745030886739 -0.00036440548604944894 -0.00029962855124917746 -0.00022975927768709411 -0.000158864249892795 -9.1456841866916741e-05 -3.2350940875116316e-05 1.3511231753936657e-05 4.1252727388533565e-05 4.6271246259205998e-05 2.4457575660511504e-05 -2.7584484460760132e-05 -0.00011232492431229991 -0.00023110964810272379 -0.00038398659387672303 -0.00056956429107664559 -0.00078491073844761295 -0.0010254996009288672 -0.0012852095283527483 -0.0015563809161482235 -0.0018299326955465579 -0.0020955398056349559 -0.0023418699192983661 -0.0025568758349892454 -0.0027281377778187186 -0.002843247751943796 -0.0028902261282390497 -0.0028579589120888188 -0.0027366426871222268 -0.0025182231364913881 -0.0021968123593422259 -0.0017690699704546963 -0.0012345332261867589 -0.00059588217534864126 0.00014087291121242054 0.00096629284118713557 0.0018675083551854866 0.0028283227761413321 0.0038294217812534616 0.0048486904585603816 0.0058616344841606847 0.0068418988692528025 0.007761874384384769 0.0085933785799927141 0.0093083953950261877 0.0098798547823662625 0.010282431676083956 0.010493342065345428 0.010493112992587695 0.010266303012065893 0.0098021500623541036 0.0090951248353027328 0.0081453695548255843 0.0069590045799607309 0.005548288364288818 0.0039316199635773879 0.0021333773920227455 0.00018358957468780725 -0.0018825556938459414 -0.0040253606305244074 -0.0062014113443793033 -0.0083645003897881501 -0.010466657517487628 -0.012459264470906839 -0.014294226589624167 -0.015925171593707644 -0.01730864431971911 -0.018405265426876122 -0.019180822231749703 -0.019607260877526123 -0.019663550988046313 -0.019336396759365614 -0.018620772038008028 -0.017520261236258546 -0.016047192829177246 -0.014222557534603797 -0.012075708949645431 -0.0096438502469359446 -0.0069713163563973274 -0.0041086667064404933 -0.0011116089086428344 0.0019602214139456658 0.0050445952757390096 0.0080781066598230433 0.010997635188679118 0.013741818192476529 0.016252494635936851 0.018476083794638061 0.02036486302347916 0.021878111399208137 0.022983089381919584 0.023655828836643199 0.023881712670453942 0.023655828836643199 0.022983089381919584 0.021878111399208137 0.02036486302347916 0.018476083794638061 0.016252494635936851 0.013741818192476529 0.010997635188679118 0.0080781066598230433 0.0050445952757390096 0.0019602214139456658 -0.0011116089086428344 -0.0041086667064404933 -0.0069713163563973274 -0.0096438502469359446 -0.012075708949645431 -0.014222557534603797 -0.016047192829177246 -0.017520261236258546 -0.018620772038008028 -0.019336396759365614 -0.019663550988046313 -0.019607260877526123 -0.019180822231749703 -0.018405265426876122 -0.01730864431971911 -0.015925171593707644 -0.014294226589624167 -0.012459264470906839 -0.010466657517487628 -0.0083645003897881501 -0.0062014113443793033 -0.0040253606305244074 -0.0018825556938459414 0.00018358957468780725 0.0021333773920227455 0.0039316199635773879 0.005548288364288818 0.0069590045799607309 0.0081453695548255843 0.0090951248353027328 0.0098021500623541036 0.010266303012065893 0.010493112992587695 0.010493342065345428 0.010282431676083956 0.0098798547823662625 0.0093083953950261877 0.0085933785799927141 0.007761874384384769 0.0068418988692528025 0.0058616344841606847 0.0048486904585603816 0.0038294217812534616 0.0028283227761413321 0.0018675083551854866 0.00096629284118713557 0.00014087291121242054 -0.00059588217534864126 -0.0012345332261867589 -0.0017690699704546963 -0.0021968123593422259 -0.0025182231364913881 -0.0027366426871222268 -0.0028579589120888188 -0.0028902261282390497 -0.002843247751943796 -0.0027281377778187186 -0.0025568758349892454 -0.0023418699192983661 -0.0020955398056349559 -0.0018299326955465579 -0.0015563809161482235 -0.0012852095283527483 -0.0010254996009288672 -0.00078491073844761295 -0.00056956429107664559 -0.00038398659387672303 -0.00023110964810272379 -0.00011232492431229991 -2.7584484460760132e-05 2.4457575660511504e-05 4.6271246259205998e-05 4.1252727388533565e-05 1.3511231753936657e-05 -3.2350940875116316e-05 -9.1456841866916741e-05 -0.000158864249892795 -0.00022975927768709411 -0.00029962855124917746 -0.00036440548604944894 -0.00042058745030886739 -0.00046532190269926569 -0.00049646087140404582 -0.00051258435724146467 -0.00051299435420516933 -0.0004976821512057949 -0.00046727238107748307 -0.00042294789701300382 -0.00036635997075341788 -0.0002995285176497421 -0.00022473706575664316 -0.00014442701152151988 -6.1095362163765215e-05 2.2800321131725834e-05 0.00010492666581135255 0.00018314648666150506 0.0002555763442741806 0.00032062871626815204 0.00037703856724684688 0.00042387479012566127 0.00046053760538144789 0.00048674352405355959 0.00050249988824661613 0.00050807128840654932 0.00050394031460795029 0.00049076513020038248 0.00046933626668955574 0.00044053484002776319 0.00040529409628732208 0.00036456582824064601 0.00031929278545859367 0.000270387752431285 0.00021871951556802708 0.00016510550371476556 0.00011031048930785753 5.5050397118362415e-05 2.7307872428990171e-19]</P>
            <P Name="InputProcessing">Columns as channels (frame based)</P>
          </Block>
          <Block BlockType="Outport" Name="Out" SID="17:808">
            <P Name="Position">[360, 103, 390, 117]</P>
            <P Name="ZOrder">-3</P>
            <P Name="IconDisplay">Port number</P>
          </Block>
          <Line>
            <P Name="ZOrder">1</P>
            <P Name="Src">17:2#out:1</P>
            <P Name="Dst">17:818#in:1</P>
          </Line>
          <Line>
            <P Name="ZOrder">2</P>
            <P Name="Src">17:818#out:1</P>
            <P Name="Dst">17:808#in:1</P>
          </Line>
        </System>
      </Block>
      <Block BlockType="DataTypeConversion" Name="Data Type Conversion" SID="4">
        <P Name="Position">[355, 298, 430, 332]</P>
        <P Name="ZOrder">4</P>
        <P Name="OutDataTypeStr">double</P>
        <P Name="RndMeth">Floor</P>
        <P Name="SaturateOnIntegerOverflow">off</P>
      </Block>
      <Block BlockType="DataTypeConversion" Name="Data Type Conversion1" SID="23">
        <P Name="Position">[920, 18, 995, 52]</P>
        <P Name="ZOrder">105</P>
        <P Name="OutDataTypeStr">double</P>
        <P Name="RndMeth">Floor</P>
        <P Name="SaturateOnIntegerOverflow">off</P>
      </Block>
      <Block BlockType="DataTypeConversion" Name="Data Type Conversion2" SID="14">
        <P Name="Position">[845, 263, 920, 297]</P>
        <P Name="ZOrder">96</P>
        <P Name="OutDataTypeStr">double</P>
        <P Name="RndMeth">Floor</P>
        <P Name="SaturateOnIntegerOverflow">off</P>
      </Block>
      <Block BlockType="Product" Name="Divide" SID="21">
        <P Name="Ports">[2, 1]</P>
        <P Name="Position">[835, 32, 865, 63]</P>
        <P Name="ZOrder">103</P>
        <P Name="Inputs">*/</P>
        <P Name="InputSameDT">off</P>
        <P Name="OutDataTypeStr">Inherit: Inherit via internal rule</P>
        <P Name="RndMeth">Floor</P>
        <P Name="SaturateOnIntegerOverflow">off</P>
      </Block>
      <Block BlockType="M-S-Function" Name="Level-2 MATLAB&#xA;S-Function" SID="13">
        <P Name="Ports">[1, 1]</P>
        <P Name="Position">[930, 89, 985, 121]</P>
        <P Name="ZOrder">95</P>
        <P Name="FunctionName">s_function_template</P>
      </Block>
      <Block BlockType="SubSystem" Name="Lowpass Filter" SID="7">
        <P Name="Ports">[1, 1]</P>
        <P Name="Position">[580, 209, 680, 251]</P>
        <P Name="ZOrder">7</P>
        <P Name="UserDataPersistent">on</P>
        <P Name="UserData" Ref="bdmxdata:DataTag4"></P>
        <P Name="DialogController">fdesignblkfcn</P>
        <P Name="DialogControllerArgs" Ref="bdmxdata:DataTag5"></P>
        <P Name="CopyFcn">fdesignblkfcn(gcbh, {&apos;CopyFcn&apos;});</P>
        <P Name="InitFcn">fdesignblkfcn(gcbh, {&apos;InitFcn&apos;});</P>
        <P Name="RequestExecContextInheritance">off</P>
        <Object PropName="MaskObject" ObjectID="10" ClassName="Simulink.Mask">
          <P Name="Type" Class="char">Lowpass Filter</P>
          <P Name="Description" Class="char">Design a lowpass filter</P>
          <P Name="Help" Class="char">helpview(mapfilelocation(&apos;dsp&apos;), &apos;dsplowpassfilter&apos;);</P>
          <P Name="SelfModifiable" Class="char">on</P>
          <P Name="Display" Class="char">disp(&apos;Lowpass&apos;)</P>
          <P Name="Capabilities" Class="char">dspmaskedcaps(gcbh)</P>
        </Object>
        <System>
          <P Name="Location">[665, 214, 1317, 1085]</P>
          <P Name="Open">off</P>
          <P Name="TiledPaperMargins">[0.500000, 0.500000, 0.500000, 0.500000]</P>
          <P Name="ZoomFactor">100</P>
          <P Name="SIDHighWatermark">749</P>
          <Block BlockType="Inport" Name="In" SID="7:12">
            <P Name="Position">[110, 103, 140, 117]</P>
            <P Name="ZOrder">-1</P>
            <P Name="IconDisplay">Port number</P>
          </Block>
          <Block BlockType="DiscreteFir" Name="Generated Filter Block" SID="7:749">
            <P Name="Tag">BlockMethodSubSystem</P>
            <P Name="Ports">[1, 1]</P>
            <P Name="Position">[220, 90, 295, 130]</P>
            <P Name="ZOrder">9</P>
            <P Name="Coefficients">[-2.426860513626208e-20 -2.4422383460267943e-06 -4.9085944088028271e-06 -7.4042474408730812e-06 -9.9344317405714216e-06 -1.2504424169548375e-05 -1.51195314397744e-05 -1.77850771864889e-05 -2.0506388843962146e-05 -2.3288784341308866e-05 -2.6137558635950667e-05 -2.9057970102656866e-05 -3.2055226796407254e-05 -3.5134472607611377e-05 -3.830077332848903e-05 -4.1559102649663359e-05 -4.4914328106241819e-05 -4.8371196992860719e-05 -5.1934322267348354e-05 -5.560816846281023e-05 -5.9397037628074024e-05 -6.3305055316532297e-05 -6.7336156643502349e-05 -7.1494072432276462e-05 -7.5782315469064961e-05 -8.0204166887039337e-05 -8.4762662699659782e-05 -8.9460580503426403e-05 -9.4300426370118291e-05 -9.9284421948490627e-05 -0.00010441449179526991 -0.00010969225095514504 -0.0001151189928092722 -0.00012069567721161313 -0.00012642291893220125 -0.00013230097642617873 -0.00013832974094717191 -0.00014450872602327449 -0.00015083705731357952 -0.00015731346286285592 -0.00016393626377159267 -0.00017070336529823404 -0.00017761224841001498 -0.00018465996179836111 -0.00019184311437435442 -0.00019915786825928065 -0.0002065999322847659 -0.00021416455601648351 -0.0002218465243148636 -0.00022964015244566994 -0.00023753928175272113 -0.0002455372759044314 -0.00025362701772521743 -0.00026180090662218306 -0.00027005085661683452 -0.00027836829499090782 -0.00028674416155469992 -0.00029516890854560014 -0.0003036325011637956 -0.00031212441875140448 -0.00032063365662054631 -0.00032914872853511318 -0.00033765766985023956 -0.0003461480413127076 -0.00035460693352473569 -0.00036302097207282683 -0.0003713763233225465 -0.00037965870087931542 -0.00038785337271449231 -0.00039594516895521796 -0.00040391849033568706 -0.00041175731730669585 -0.00041944521979951003 -0.00042696536763928139 -0.00043430054160243183 -0.00044143314511161562 -0.00044834521656106704 -0.00045501844226433243 -0.00046143417001559751 -0.00046757342325502406 -0.00047341691582772778 -0.00047894506732525159 -0.00048413801899762309 -0.00048897565022332625 -0.00049343759552376626 -0.00049750326210807889 -0.00050115184793340147 -0.00050436236026502057 -0.0005071136347201135 -0.000509384354778118 -0.00051115307174009941 -0.00051239822511884171 -0.00051309816344075011 -0.00051323116544004779 -0.00051277546162515329 -0.00051170925619655242 -0.00051001074929492968 -0.00050765815955778563 -0.00050462974696227126 -0.00050090383593146947 -0.00049645883868090833 -0.00049127327878163685 -0.00048532581491579564 -0.0004785952648002161 -0.00047106062925322698 -0.00046270111637951121 -0.00045349616584754225 -0.00044342547323385684 -0.00043246901440816156 -0.00042060706993304994 -0.00040782024945190589 -0.00039408951603841152 -0.0003793962104809249 -0.0003637220754749031 -0.00034704927969645121 -0.00032936044173003916 -0.00031063865382340803 -0.00029086750544269583 -0.00027003110660086117 -0.00024811411093255233 -0.00022510173848867165 -0.00020097979822402402 -0.00017573471015159937 -0.00014935352713722983 -0.00012182395630859965 -9.313438005282834e-05 -6.327387657713907e-05 -3.2232240007442718e-05 1.6381308466976901e-19 3.3431559158283158e-05 6.8070379984983952e-05 0.00010392361379633834 0.00014099760328361595 0.00017929786569438082 0.00021882907664078262 0.00025959505455650563 0.00030159874582342053 0.00034484221058839209 0.00038932660929008958 0.00043505218991497709 0.00048201827600102311 0.00053022325540695602 0.00057966456986419199 0.00063033870532781323 0.00068224118314224138 0.00073536655203644042 0.00078970838096272086 0.0008452592527923797 0.00090201075888058236 0.00095995349451206155 0.0010190770552383048 0.0010793700341160566 0.0011408200198560513 0.0012034135958899795 0.0012671363403627784 0.0013319728270564076 0.0013979066272503081 0.0014649203125228203 0.0015329954584968515 0.0016021126495321275 0.0016722514843653983 0.0017433905826989581 0.001815507592736898 0.001888579199667487 0.0019625811350891158 0.0020374881873762378 0.0021132742129807507 0.0021899121486632744 0.0022673740246478228 0.0023456309786923325 0.002424653271066596 0.0025044103004281319 0.0025848706205855812 0.0026660019581382552 0.002747771230979528 0.0028301445676507967 0.002913087327531861 0.0029965641218525976 0.0030805388355099475 0.0031649746496733421 0.0032498340651608061 0.0033350789265671333 0.0034206704471247008 0.0035065692342766352 0.0035927353159412962 0.0036791281674462069 0.0037657067391088507 0.0038524294844409649 0.0039392543889523006 0.0040261389995290874 0.0041130404543617809 0.0041999155133960481 0.0042867205892803059 0.0043734117787825478 0.0044599448946486273 0.0045462754978736458 0.0046323589303575649 0.0047181503479156893 0.0048036047536142391 0.0048886770314007901 0.0049733219799989849 0.0050574943470365532 0.0051411488633753685 0.0052242402776119688 0.0053067233907167109 0.0053885530907794976 0.0054696843878298341 0.005550072448698793 0.0056296726318903634 0.0057084405224295427 0.0057863319666544974 0.0058633031069200538 0.0059393104161798525 0.0060143107324144608 0.0060882612928729119 0.0061611197680951461 0.0062328442956830852 0.0063033935137881379 0.006372726594283255 0.0064408032755878227 0.006507583895113995 0.0065730294213033891 0.0066371014852233713 0.0066997624116926155 0.0067609752499059369 0.0068207038035289231 0.006878912660233309 0.0069355672206445722 0.0069906337266737711 0.0070440792892061573 0.0070958719151197752 0.0071459805336077939 0.0071943750217790346 0.0072410262295118169 0.0072859060035369155 0.0073289872107261973 0.0073702437605642655 0.0074096506267811385 0.0074471838681249292 0.0074828206482541685 0.007516539254730387 0.0075483191170923431 0.0075781408239942545 0.0076059861393912281 0.0076318380177560381 0.007655680618312375 0.0076774993182705531 0.007697280725052779 0.0077150126874958912 0.0077306843060206782 0.0077442859417577057 0.0077558092246207489 0.0077652470603198727 0.0077725936363072842 0.0077778444266500997 0.0077809961958252736 0.0077820470014328983 0.0077809961958252736 0.0077778444266500997 0.0077725936363072842 0.0077652470603198727 0.0077558092246207489 0.0077442859417577057 0.0077306843060206782 0.0077150126874958912 0.007697280725052779 0.0076774993182705531 0.007655680618312375 0.0076318380177560381 0.0076059861393912281 0.0075781408239942545 0.0075483191170923431 0.007516539254730387 0.0074828206482541685 0.0074471838681249292 0.0074096506267811385 0.0073702437605642655 0.0073289872107261973 0.0072859060035369155 0.0072410262295118169 0.0071943750217790346 0.0071459805336077939 0.0070958719151197752 0.0070440792892061573 0.0069906337266737711 0.0069355672206445722 0.006878912660233309 0.0068207038035289231 0.0067609752499059369 0.0066997624116926155 0.0066371014852233713 0.0065730294213033891 0.006507583895113995 0.0064408032755878227 0.006372726594283255 0.0063033935137881379 0.0062328442956830852 0.0061611197680951461 0.0060882612928729119 0.0060143107324144608 0.0059393104161798525 0.0058633031069200538 0.0057863319666544974 0.0057084405224295427 0.0056296726318903634 0.005550072448698793 0.0054696843878298341 0.0053885530907794976 0.0053067233907167109 0.0052242402776119688 0.0051411488633753685 0.0050574943470365532 0.0049733219799989849 0.0048886770314007901 0.0048036047536142391 0.0047181503479156893 0.0046323589303575649 0.0045462754978736458 0.0044599448946486273 0.0043734117787825478 0.0042867205892803059 0.0041999155133960481 0.0041130404543617809 0.0040261389995290874 0.0039392543889523006 0.0038524294844409649 0.0037657067391088507 0.0036791281674462069 0.0035927353159412962 0.0035065692342766352 0.0034206704471247008 0.0033350789265671333 0.0032498340651608061 0.0031649746496733421 0.0030805388355099475 0.0029965641218525976 0.002913087327531861 0.0028301445676507967 0.002747771230979528 0.0026660019581382552 0.0025848706205855812 0.0025044103004281319 0.002424653271066596 0.0023456309786923325 0.0022673740246478228 0.0021899121486632744 0.0021132742129807507 0.0020374881873762378 0.0019625811350891158 0.001888579199667487 0.001815507592736898 0.0017433905826989581 0.0016722514843653983 0.0016021126495321275 0.0015329954584968515 0.0014649203125228203 0.0013979066272503081 0.0013319728270564076 0.0012671363403627784 0.0012034135958899795 0.0011408200198560513 0.0010793700341160566 0.0010190770552383048 0.00095995349451206155 0.00090201075888058236 0.0008452592527923797 0.00078970838096272086 0.00073536655203644042 0.00068224118314224138 0.00063033870532781323 0.00057966456986419199 0.00053022325540695602 0.00048201827600102311 0.00043505218991497709 0.00038932660929008958 0.00034484221058839209 0.00030159874582342053 0.00025959505455650563 0.00021882907664078262 0.00017929786569438082 0.00014099760328361595 0.00010392361379633834 6.8070379984983952e-05 3.3431559158283158e-05 1.6381308466976901e-19 -3.2232240007442718e-05 -6.327387657713907e-05 -9.313438005282834e-05 -0.00012182395630859965 -0.00014935352713722983 -0.00017573471015159937 -0.00020097979822402402 -0.00022510173848867165 -0.00024811411093255233 -0.00027003110660086117 -0.00029086750544269583 -0.00031063865382340803 -0.00032936044173003916 -0.00034704927969645121 -0.0003637220754749031 -0.0003793962104809249 -0.00039408951603841152 -0.00040782024945190589 -0.00042060706993304994 -0.00043246901440816156 -0.00044342547323385684 -0.00045349616584754225 -0.00046270111637951121 -0.00047106062925322698 -0.0004785952648002161 -0.00048532581491579564 -0.00049127327878163685 -0.00049645883868090833 -0.00050090383593146947 -0.00050462974696227126 -0.00050765815955778563 -0.00051001074929492968 -0.00051170925619655242 -0.00051277546162515329 -0.00051323116544004779 -0.00051309816344075011 -0.00051239822511884171 -0.00051115307174009941 -0.000509384354778118 -0.0005071136347201135 -0.00050436236026502057 -0.00050115184793340147 -0.00049750326210807889 -0.00049343759552376626 -0.00048897565022332625 -0.00048413801899762309 -0.00047894506732525159 -0.00047341691582772778 -0.00046757342325502406 -0.00046143417001559751 -0.00045501844226433243 -0.00044834521656106704 -0.00044143314511161562 -0.00043430054160243183 -0.00042696536763928139 -0.00041944521979951003 -0.00041175731730669585 -0.00040391849033568706 -0.00039594516895521796 -0.00038785337271449231 -0.00037965870087931542 -0.0003713763233225465 -0.00036302097207282683 -0.00035460693352473569 -0.0003461480413127076 -0.00033765766985023956 -0.00032914872853511318 -0.00032063365662054631 -0.00031212441875140448 -0.0003036325011637956 -0.00029516890854560014 -0.00028674416155469992 -0.00027836829499090782 -0.00027005085661683452 -0.00026180090662218306 -0.00025362701772521743 -0.0002455372759044314 -0.00023753928175272113 -0.00022964015244566994 -0.0002218465243148636 -0.00021416455601648351 -0.0002065999322847659 -0.00019915786825928065 -0.00019184311437435442 -0.00018465996179836111 -0.00017761224841001498 -0.00017070336529823404 -0.00016393626377159267 -0.00015731346286285592 -0.00015083705731357952 -0.00014450872602327449 -0.00013832974094717191 -0.00013230097642617873 -0.00012642291893220125 -0.00012069567721161313 -0.0001151189928092722 -0.00010969225095514504 -0.00010441449179526991 -9.9284421948490627e-05 -9.4300426370118291e-05 -8.9460580503426403e-05 -8.4762662699659782e-05 -8.0204166887039337e-05 -7.5782315469064961e-05 -7.1494072432276462e-05 -6.7336156643502349e-05 -6.3305055316532297e-05 -5.9397037628074024e-05 -5.560816846281023e-05 -5.1934322267348354e-05 -4.8371196992860719e-05 -4.4914328106241819e-05 -4.1559102649663359e-05 -3.830077332848903e-05 -3.5134472607611377e-05 -3.2055226796407254e-05 -2.9057970102656866e-05 -2.6137558635950667e-05 -2.3288784341308866e-05 -2.0506388843962146e-05 -1.77850771864889e-05 -1.51195314397744e-05 -1.2504424169548375e-05 -9.9344317405714216e-06 -7.4042474408730812e-06 -4.9085944088028271e-06 -2.4422383460267943e-06 -2.426860513626208e-20]</P>
            <P Name="InputProcessing">Columns as channels (frame based)</P>
          </Block>
          <Block BlockType="Outport" Name="Out" SID="7:740">
            <P Name="Position">[360, 103, 390, 117]</P>
            <P Name="ZOrder">-3</P>
            <P Name="IconDisplay">Port number</P>
          </Block>
          <Line>
            <P Name="ZOrder">1</P>
            <P Name="Src">7:12#out:1</P>
            <P Name="Dst">7:749#in:1</P>
          </Line>
          <Line>
            <P Name="ZOrder">2</P>
            <P Name="Src">7:749#out:1</P>
            <P Name="Dst">7:740#in:1</P>
          </Line>
        </System>
      </Block>
      <Block BlockType="SubSystem" Name="Lowpass Filter1" SID="19">
        <P Name="Ports">[1, 1]</P>
        <P Name="Position">[580, 84, 680, 126]</P>
        <P Name="ZOrder">102</P>
        <P Name="UserDataPersistent">on</P>
        <P Name="UserData" Ref="bdmxdata:DataTag6"></P>
        <P Name="DialogController">fdesignblkfcn</P>
        <P Name="DialogControllerArgs" Ref="bdmxdata:DataTag7"></P>
        <P Name="CopyFcn">fdesignblkfcn(gcbh, {&apos;CopyFcn&apos;});</P>
        <P Name="InitFcn">fdesignblkfcn(gcbh, {&apos;InitFcn&apos;});</P>
        <P Name="RequestExecContextInheritance">off</P>
        <Object PropName="MaskObject" ObjectID="11" ClassName="Simulink.Mask">
          <P Name="Type" Class="char">Lowpass Filter</P>
          <P Name="Description" Class="char">Design a lowpass filter</P>
          <P Name="Help" Class="char">helpview(mapfilelocation(&apos;dsp&apos;), &apos;dsplowpassfilter&apos;);</P>
          <P Name="SelfModifiable" Class="char">on</P>
          <P Name="Display" Class="char">disp(&apos;Lowpass&apos;)</P>
          <P Name="Capabilities" Class="char">dspmaskedcaps(gcbh)</P>
        </Object>
        <System>
          <P Name="Location">[665, 214, 1317, 1085]</P>
          <P Name="Open">off</P>
          <P Name="TiledPaperMargins">[0.500000, 0.500000, 0.500000, 0.500000]</P>
          <P Name="ZoomFactor">100</P>
          <P Name="SIDHighWatermark">749</P>
          <Block BlockType="Inport" Name="In" SID="19:12">
            <P Name="Position">[110, 103, 140, 117]</P>
            <P Name="ZOrder">-1</P>
            <P Name="IconDisplay">Port number</P>
          </Block>
          <Block BlockType="DiscreteFir" Name="Generated Filter Block" SID="19:749">
            <P Name="Tag">BlockMethodSubSystem</P>
            <P Name="Ports">[1, 1]</P>
            <P Name="Position">[220, 90, 295, 130]</P>
            <P Name="ZOrder">9</P>
            <P Name="Coefficients">[-2.426860513626208e-20 -2.4422383460267943e-06 -4.9085944088028271e-06 -7.4042474408730812e-06 -9.9344317405714216e-06 -1.2504424169548375e-05 -1.51195314397744e-05 -1.77850771864889e-05 -2.0506388843962146e-05 -2.3288784341308866e-05 -2.6137558635950667e-05 -2.9057970102656866e-05 -3.2055226796407254e-05 -3.5134472607611377e-05 -3.830077332848903e-05 -4.1559102649663359e-05 -4.4914328106241819e-05 -4.8371196992860719e-05 -5.1934322267348354e-05 -5.560816846281023e-05 -5.9397037628074024e-05 -6.3305055316532297e-05 -6.7336156643502349e-05 -7.1494072432276462e-05 -7.5782315469064961e-05 -8.0204166887039337e-05 -8.4762662699659782e-05 -8.9460580503426403e-05 -9.4300426370118291e-05 -9.9284421948490627e-05 -0.00010441449179526991 -0.00010969225095514504 -0.0001151189928092722 -0.00012069567721161313 -0.00012642291893220125 -0.00013230097642617873 -0.00013832974094717191 -0.00014450872602327449 -0.00015083705731357952 -0.00015731346286285592 -0.00016393626377159267 -0.00017070336529823404 -0.00017761224841001498 -0.00018465996179836111 -0.00019184311437435442 -0.00019915786825928065 -0.0002065999322847659 -0.00021416455601648351 -0.0002218465243148636 -0.00022964015244566994 -0.00023753928175272113 -0.0002455372759044314 -0.00025362701772521743 -0.00026180090662218306 -0.00027005085661683452 -0.00027836829499090782 -0.00028674416155469992 -0.00029516890854560014 -0.0003036325011637956 -0.00031212441875140448 -0.00032063365662054631 -0.00032914872853511318 -0.00033765766985023956 -0.0003461480413127076 -0.00035460693352473569 -0.00036302097207282683 -0.0003713763233225465 -0.00037965870087931542 -0.00038785337271449231 -0.00039594516895521796 -0.00040391849033568706 -0.00041175731730669585 -0.00041944521979951003 -0.00042696536763928139 -0.00043430054160243183 -0.00044143314511161562 -0.00044834521656106704 -0.00045501844226433243 -0.00046143417001559751 -0.00046757342325502406 -0.00047341691582772778 -0.00047894506732525159 -0.00048413801899762309 -0.00048897565022332625 -0.00049343759552376626 -0.00049750326210807889 -0.00050115184793340147 -0.00050436236026502057 -0.0005071136347201135 -0.000509384354778118 -0.00051115307174009941 -0.00051239822511884171 -0.00051309816344075011 -0.00051323116544004779 -0.00051277546162515329 -0.00051170925619655242 -0.00051001074929492968 -0.00050765815955778563 -0.00050462974696227126 -0.00050090383593146947 -0.00049645883868090833 -0.00049127327878163685 -0.00048532581491579564 -0.0004785952648002161 -0.00047106062925322698 -0.00046270111637951121 -0.00045349616584754225 -0.00044342547323385684 -0.00043246901440816156 -0.00042060706993304994 -0.00040782024945190589 -0.00039408951603841152 -0.0003793962104809249 -0.0003637220754749031 -0.00034704927969645121 -0.00032936044173003916 -0.00031063865382340803 -0.00029086750544269583 -0.00027003110660086117 -0.00024811411093255233 -0.00022510173848867165 -0.00020097979822402402 -0.00017573471015159937 -0.00014935352713722983 -0.00012182395630859965 -9.313438005282834e-05 -6.327387657713907e-05 -3.2232240007442718e-05 1.6381308466976901e-19 3.3431559158283158e-05 6.8070379984983952e-05 0.00010392361379633834 0.00014099760328361595 0.00017929786569438082 0.00021882907664078262 0.00025959505455650563 0.00030159874582342053 0.00034484221058839209 0.00038932660929008958 0.00043505218991497709 0.00048201827600102311 0.00053022325540695602 0.00057966456986419199 0.00063033870532781323 0.00068224118314224138 0.00073536655203644042 0.00078970838096272086 0.0008452592527923797 0.00090201075888058236 0.00095995349451206155 0.0010190770552383048 0.0010793700341160566 0.0011408200198560513 0.0012034135958899795 0.0012671363403627784 0.0013319728270564076 0.0013979066272503081 0.0014649203125228203 0.0015329954584968515 0.0016021126495321275 0.0016722514843653983 0.0017433905826989581 0.001815507592736898 0.001888579199667487 0.0019625811350891158 0.0020374881873762378 0.0021132742129807507 0.0021899121486632744 0.0022673740246478228 0.0023456309786923325 0.002424653271066596 0.0025044103004281319 0.0025848706205855812 0.0026660019581382552 0.002747771230979528 0.0028301445676507967 0.002913087327531861 0.0029965641218525976 0.0030805388355099475 0.0031649746496733421 0.0032498340651608061 0.0033350789265671333 0.0034206704471247008 0.0035065692342766352 0.0035927353159412962 0.0036791281674462069 0.0037657067391088507 0.0038524294844409649 0.0039392543889523006 0.0040261389995290874 0.0041130404543617809 0.0041999155133960481 0.0042867205892803059 0.0043734117787825478 0.0044599448946486273 0.0045462754978736458 0.0046323589303575649 0.0047181503479156893 0.0048036047536142391 0.0048886770314007901 0.0049733219799989849 0.0050574943470365532 0.0051411488633753685 0.0052242402776119688 0.0053067233907167109 0.0053885530907794976 0.0054696843878298341 0.005550072448698793 0.0056296726318903634 0.0057084405224295427 0.0057863319666544974 0.0058633031069200538 0.0059393104161798525 0.0060143107324144608 0.0060882612928729119 0.0061611197680951461 0.0062328442956830852 0.0063033935137881379 0.006372726594283255 0.0064408032755878227 0.006507583895113995 0.0065730294213033891 0.0066371014852233713 0.0066997624116926155 0.0067609752499059369 0.0068207038035289231 0.006878912660233309 0.0069355672206445722 0.0069906337266737711 0.0070440792892061573 0.0070958719151197752 0.0071459805336077939 0.0071943750217790346 0.0072410262295118169 0.0072859060035369155 0.0073289872107261973 0.0073702437605642655 0.0074096506267811385 0.0074471838681249292 0.0074828206482541685 0.007516539254730387 0.0075483191170923431 0.0075781408239942545 0.0076059861393912281 0.0076318380177560381 0.007655680618312375 0.0076774993182705531 0.007697280725052779 0.0077150126874958912 0.0077306843060206782 0.0077442859417577057 0.0077558092246207489 0.0077652470603198727 0.0077725936363072842 0.0077778444266500997 0.0077809961958252736 0.0077820470014328983 0.0077809961958252736 0.0077778444266500997 0.0077725936363072842 0.0077652470603198727 0.0077558092246207489 0.0077442859417577057 0.0077306843060206782 0.0077150126874958912 0.007697280725052779 0.0076774993182705531 0.007655680618312375 0.0076318380177560381 0.0076059861393912281 0.0075781408239942545 0.0075483191170923431 0.007516539254730387 0.0074828206482541685 0.0074471838681249292 0.0074096506267811385 0.0073702437605642655 0.0073289872107261973 0.0072859060035369155 0.0072410262295118169 0.0071943750217790346 0.0071459805336077939 0.0070958719151197752 0.0070440792892061573 0.0069906337266737711 0.0069355672206445722 0.006878912660233309 0.0068207038035289231 0.0067609752499059369 0.0066997624116926155 0.0066371014852233713 0.0065730294213033891 0.006507583895113995 0.0064408032755878227 0.006372726594283255 0.0063033935137881379 0.0062328442956830852 0.0061611197680951461 0.0060882612928729119 0.0060143107324144608 0.0059393104161798525 0.0058633031069200538 0.0057863319666544974 0.0057084405224295427 0.0056296726318903634 0.005550072448698793 0.0054696843878298341 0.0053885530907794976 0.0053067233907167109 0.0052242402776119688 0.0051411488633753685 0.0050574943470365532 0.0049733219799989849 0.0048886770314007901 0.0048036047536142391 0.0047181503479156893 0.0046323589303575649 0.0045462754978736458 0.0044599448946486273 0.0043734117787825478 0.0042867205892803059 0.0041999155133960481 0.0041130404543617809 0.0040261389995290874 0.0039392543889523006 0.0038524294844409649 0.0037657067391088507 0.0036791281674462069 0.0035927353159412962 0.0035065692342766352 0.0034206704471247008 0.0033350789265671333 0.0032498340651608061 0.0031649746496733421 0.0030805388355099475 0.0029965641218525976 0.002913087327531861 0.0028301445676507967 0.002747771230979528 0.0026660019581382552 0.0025848706205855812 0.0025044103004281319 0.002424653271066596 0.0023456309786923325 0.0022673740246478228 0.0021899121486632744 0.0021132742129807507 0.0020374881873762378 0.0019625811350891158 0.001888579199667487 0.001815507592736898 0.0017433905826989581 0.0016722514843653983 0.0016021126495321275 0.0015329954584968515 0.0014649203125228203 0.0013979066272503081 0.0013319728270564076 0.0012671363403627784 0.0012034135958899795 0.0011408200198560513 0.0010793700341160566 0.0010190770552383048 0.00095995349451206155 0.00090201075888058236 0.0008452592527923797 0.00078970838096272086 0.00073536655203644042 0.00068224118314224138 0.00063033870532781323 0.00057966456986419199 0.00053022325540695602 0.00048201827600102311 0.00043505218991497709 0.00038932660929008958 0.00034484221058839209 0.00030159874582342053 0.00025959505455650563 0.00021882907664078262 0.00017929786569438082 0.00014099760328361595 0.00010392361379633834 6.8070379984983952e-05 3.3431559158283158e-05 1.6381308466976901e-19 -3.2232240007442718e-05 -6.327387657713907e-05 -9.313438005282834e-05 -0.00012182395630859965 -0.00014935352713722983 -0.00017573471015159937 -0.00020097979822402402 -0.00022510173848867165 -0.00024811411093255233 -0.00027003110660086117 -0.00029086750544269583 -0.00031063865382340803 -0.00032936044173003916 -0.00034704927969645121 -0.0003637220754749031 -0.0003793962104809249 -0.00039408951603841152 -0.00040782024945190589 -0.00042060706993304994 -0.00043246901440816156 -0.00044342547323385684 -0.00045349616584754225 -0.00046270111637951121 -0.00047106062925322698 -0.0004785952648002161 -0.00048532581491579564 -0.00049127327878163685 -0.00049645883868090833 -0.00050090383593146947 -0.00050462974696227126 -0.00050765815955778563 -0.00051001074929492968 -0.00051170925619655242 -0.00051277546162515329 -0.00051323116544004779 -0.00051309816344075011 -0.00051239822511884171 -0.00051115307174009941 -0.000509384354778118 -0.0005071136347201135 -0.00050436236026502057 -0.00050115184793340147 -0.00049750326210807889 -0.00049343759552376626 -0.00048897565022332625 -0.00048413801899762309 -0.00047894506732525159 -0.00047341691582772778 -0.00046757342325502406 -0.00046143417001559751 -0.00045501844226433243 -0.00044834521656106704 -0.00044143314511161562 -0.00043430054160243183 -0.00042696536763928139 -0.00041944521979951003 -0.00041175731730669585 -0.00040391849033568706 -0.00039594516895521796 -0.00038785337271449231 -0.00037965870087931542 -0.0003713763233225465 -0.00036302097207282683 -0.00035460693352473569 -0.0003461480413127076 -0.00033765766985023956 -0.00032914872853511318 -0.00032063365662054631 -0.00031212441875140448 -0.0003036325011637956 -0.00029516890854560014 -0.00028674416155469992 -0.00027836829499090782 -0.00027005085661683452 -0.00026180090662218306 -0.00025362701772521743 -0.0002455372759044314 -0.00023753928175272113 -0.00022964015244566994 -0.0002218465243148636 -0.00021416455601648351 -0.0002065999322847659 -0.00019915786825928065 -0.00019184311437435442 -0.00018465996179836111 -0.00017761224841001498 -0.00017070336529823404 -0.00016393626377159267 -0.00015731346286285592 -0.00015083705731357952 -0.00014450872602327449 -0.00013832974094717191 -0.00013230097642617873 -0.00012642291893220125 -0.00012069567721161313 -0.0001151189928092722 -0.00010969225095514504 -0.00010441449179526991 -9.9284421948490627e-05 -9.4300426370118291e-05 -8.9460580503426403e-05 -8.4762662699659782e-05 -8.0204166887039337e-05 -7.5782315469064961e-05 -7.1494072432276462e-05 -6.7336156643502349e-05 -6.3305055316532297e-05 -5.9397037628074024e-05 -5.560816846281023e-05 -5.1934322267348354e-05 -4.8371196992860719e-05 -4.4914328106241819e-05 -4.1559102649663359e-05 -3.830077332848903e-05 -3.5134472607611377e-05 -3.2055226796407254e-05 -2.9057970102656866e-05 -2.6137558635950667e-05 -2.3288784341308866e-05 -2.0506388843962146e-05 -1.77850771864889e-05 -1.51195314397744e-05 -1.2504424169548375e-05 -9.9344317405714216e-06 -7.4042474408730812e-06 -4.9085944088028271e-06 -2.4422383460267943e-06 -2.426860513626208e-20]</P>
            <P Name="InputProcessing">Columns as channels (frame based)</P>
          </Block>
          <Block BlockType="Outport" Name="Out" SID="19:740">
            <P Name="Position">[360, 103, 390, 117]</P>
            <P Name="ZOrder">-3</P>
            <P Name="IconDisplay">Port number</P>
          </Block>
          <Line>
            <P Name="ZOrder">1</P>
            <P Name="Src">19:12#out:1</P>
            <P Name="Dst">19:749#in:1</P>
          </Line>
          <Line>
            <P Name="ZOrder">2</P>
            <P Name="Src">19:749#out:1</P>
            <P Name="Dst">19:740#in:1</P>
          </Line>
        </System>
      </Block>
      <Block BlockType="Reference" Name="Mean" SID="3">
        <P Name="Ports">[1, 1]</P>
        <P Name="Position">[735, 210, 790, 250]</P>
        <P Name="ZOrder">3</P>
        <P Name="LibraryVersion">1.539</P>
        <P Name="UserDataPersistent">on</P>
        <P Name="UserData" Ref="bdmxdata:DataTag8"></P>
        <P Name="SourceBlock">dspstat3/Mean</P>
        <P Name="SourceType">Mean</P>
        <P Name="run">off</P>
        <P Name="reset_popup">None</P>
        <P Name="InputProcessing">Columns as channels (frame based)</P>
        <P Name="directionMode">Each row</P>
        <P Name="dimension">1</P>
        <P Name="treatSBRowAsCol">off</P>
        <P Name="roiEnable">off</P>
        <P Name="roiType">Rectangles</P>
        <P Name="roiPortion">Entire ROI</P>
        <P Name="roiOutput">Individual statistics for each ROI</P>
        <P Name="roiFlag">off</P>
        <P Name="additionalParams">off</P>
        <P Name="allowOverrides">on</P>
        <P Name="outputMode">Same as accumulator</P>
        <P Name="outputWordLength">32</P>
        <P Name="outputFracLength">30</P>
        <P Name="outputDataTypeStr">Inherit: Same as accumulator</P>
        <P Name="outputLastDataTypeStr">Inherit: Same as accumulator</P>
        <P Name="outputMin">[]</P>
        <P Name="outputMax">[]</P>
        <P Name="accumMode">Same as input</P>
        <P Name="accumWordLength">32</P>
        <P Name="accumFracLength">30</P>
        <P Name="accumDataTypeStr">Inherit: Same as input</P>
        <P Name="accumLastDataTypeStr">Inherit: Same as input</P>
        <P Name="roundingMode">Floor</P>
        <P Name="overflowMode">off</P>
        <P Name="LockScale">off</P>
      </Block>
      <Block BlockType="Reference" Name="Mean1" SID="20">
        <P Name="Ports">[1, 1]</P>
        <P Name="Position">[735, 85, 790, 125]</P>
        <P Name="ZOrder">100</P>
        <P Name="LibraryVersion">1.539</P>
        <P Name="UserDataPersistent">on</P>
        <P Name="UserData" Ref="bdmxdata:DataTag9"></P>
        <P Name="SourceBlock">dspstat3/Mean</P>
        <P Name="SourceType">Mean</P>
        <P Name="run">off</P>
        <P Name="reset_popup">None</P>
        <P Name="InputProcessing">Columns as channels (frame based)</P>
        <P Name="directionMode">Each row</P>
        <P Name="dimension">1</P>
        <P Name="treatSBRowAsCol">off</P>
        <P Name="roiEnable">off</P>
        <P Name="roiType">Rectangles</P>
        <P Name="roiPortion">Entire ROI</P>
        <P Name="roiOutput">Individual statistics for each ROI</P>
        <P Name="roiFlag">off</P>
        <P Name="additionalParams">off</P>
        <P Name="allowOverrides">on</P>
        <P Name="outputMode">Same as accumulator</P>
        <P Name="outputWordLength">32</P>
        <P Name="outputFracLength">30</P>
        <P Name="outputDataTypeStr">Inherit: Same as accumulator</P>
        <P Name="outputLastDataTypeStr">Inherit: Same as accumulator</P>
        <P Name="outputMin">[]</P>
        <P Name="outputMax">[]</P>
        <P Name="accumMode">Same as input</P>
        <P Name="accumWordLength">32</P>
        <P Name="accumFracLength">30</P>
        <P Name="accumDataTypeStr">Inherit: Same as input</P>
        <P Name="accumLastDataTypeStr">Inherit: Same as input</P>
        <P Name="roundingMode">Floor</P>
        <P Name="overflowMode">off</P>
        <P Name="LockScale">off</P>
      </Block>
      <Block BlockType="Mux" Name="Mux" SID="11">
        <P Name="Ports">[3, 1]</P>
        <P Name="Position">[870, 171, 875, 209]</P>
        <P Name="ZOrder">93</P>
        <P Name="ShowName">off</P>
        <P Name="Inputs">3</P>
        <P Name="DisplayOption">bar</P>
      </Block>
      <Block BlockType="ToFile" Name="To File" SID="15">
        <P Name="Ports">[1]</P>
        <P Name="Position">[460, 300, 520, 330]</P>
        <P Name="ZOrder">97</P>
        <P Name="Filename">g5L3_beforeBP_alpha_theta_ratio_modulation.mat</P>
      </Block>
      <Block BlockType="ToFile" Name="To File1" SID="16">
        <P Name="Ports">[1]</P>
        <P Name="Position">[965, 265, 1025, 295]</P>
        <P Name="ZOrder">98</P>
        <P Name="Filename">g5L3_aftermean_alpha_theta_ratio_modulation.mat</P>
      </Block>
      <Block BlockType="ToFile" Name="To File2" SID="22">
        <P Name="Ports">[1]</P>
        <P Name="Position">[1045, 20, 1105, 50]</P>
        <P Name="ZOrder">104</P>
        <P Name="Filename">g5l3_div_alpha_theta_ratio_modulation.mat</P>
      </Block>
      <Block BlockType="Unbuffer" Name="Unbuffer" SID="2">
        <P Name="Ports">[1, 1]</P>
        <P Name="Position">[235, 205, 285, 255]</P>
        <P Name="ZOrder">2</P>
        <P Name="SampleBasedProcessing">Same as frame based</P>
      </Block>
      <Block BlockType="Reference" Name="g.SCOPE" SID="9">
        <P Name="Ports">[2]</P>
        <P Name="Position">[925, 178, 1025, 227]</P>
        <P Name="ZOrder">91</P>
        <P Name="LibraryVersion">3.16.00</P>
        <P Name="UserDataPersistent">on</P>
        <P Name="UserData" Ref="bdmxdata:DataTag10"></P>
        <P Name="SourceBlock">gtecHighspeedLib/g.SCOPE</P>
        <P Name="SourceType">g.SCOPE</P>
      </Block>
      <Block BlockType="Reference" Name="g.USBamp UB-2017.11.04" SID="8">
        <P Name="Ports">[4, 1]</P>
        <P Name="Position">[75, 194, 170, 266]</P>
        <P Name="ZOrder">8</P>
        <P Name="LibraryVersion">3.16.00</P>
        <P Name="SourceBlock">gUSBamplib/g.USBamp</P>
        <P Name="SourceType">g.USBamp</P>
        <P Name="cfg">currentCFG_lab3_simulink_UB-2017.11.04.cfg</P>
        <P Name="snr">UB-2017.11.04</P>
      </Block>
      <Line>
        <P Name="ZOrder">2</P>
        <P Name="Src">8#out:1</P>
        <P Name="Dst">2#in:1</P>
      </Line>
      <Line>
        <P Name="ZOrder">3</P>
        <P Name="Src">2#out:1</P>
        <P Name="Points">[20, 0]</P>
        <Branch>
          <P Name="ZOrder">53</P>
          <P Name="Points">[0, -125]</P>
          <P Name="Dst">17#in:1</P>
        </Branch>
        <Branch>
          <P Name="ZOrder">21</P>
          <P Name="Points">[0, 85]</P>
          <P Name="Dst">4#in:1</P>
        </Branch>
        <Branch>
          <P Name="ZOrder">20</P>
          <P Name="Dst">1#in:1</P>
        </Branch>
      </Line>
      <Line>
        <P Name="ZOrder">4</P>
        <P Name="Src">1#out:1</P>
        <P Name="Dst">6#in:1</P>
      </Line>
      <Line>
        <P Name="ZOrder">5</P>
        <P Name="Src">6#out:1</P>
        <P Name="Dst">7#in:1</P>
      </Line>
      <Line>
        <P Name="ZOrder">6</P>
        <P Name="Src">7#out:1</P>
        <P Name="Dst">3#in:1</P>
      </Line>
      <Line>
        <P Name="ZOrder">13</P>
        <P Name="Src">3#out:1</P>
        <P Name="Points">[23, 0]</P>
        <Branch>
          <P Name="ZOrder">27</P>
          <P Name="Points">[0, 50]</P>
          <P Name="Dst">14#in:1</P>
        </Branch>
        <Branch>
          <P Name="ZOrder">37</P>
          <P Name="Points">[0, -190]</P>
          <P Name="Dst">21#in:1</P>
        </Branch>
        <Branch>
          <P Name="ZOrder">26</P>
          <P Name="Points">[19, 0; 0, -30]</P>
          <P Name="Dst">11#in:3</P>
        </Branch>
      </Line>
      <Line>
        <P Name="ZOrder">19</P>
        <P Name="Src">11#out:1</P>
        <P Name="Dst">9#in:1</P>
      </Line>
      <Line>
        <P Name="ZOrder">32</P>
        <P Name="Src">17#out:1</P>
        <P Name="Dst">18#in:1</P>
      </Line>
      <Line>
        <P Name="ZOrder">33</P>
        <P Name="Src">18#out:1</P>
        <P Name="Dst">19#in:1</P>
      </Line>
      <Line>
        <P Name="ZOrder">34</P>
        <P Name="Src">19#out:1</P>
        <P Name="Dst">20#in:1</P>
      </Line>
      <Line>
        <P Name="ZOrder">38</P>
        <P Name="Src">20#out:1</P>
        <P Name="Points">[4, 0]</P>
        <Branch>
          <P Name="ZOrder">73</P>
          <P Name="Points">[0, 85]</P>
          <P Name="Dst">11#in:2</P>
        </Branch>
        <Branch>
          <P Name="ZOrder">72</P>
          <P Name="Points">[5, 0; 0, -50]</P>
          <P Name="Dst">21#in:2</P>
        </Branch>
      </Line>
      <Line>
        <P Name="ZOrder">40</P>
        <P Name="Src">21#out:1</P>
        <P Name="Points">[0, 16]</P>
        <Branch>
          <P Name="ZOrder">70</P>
          <P Name="Points">[0, 57; -15, 0]</P>
          <P Name="Dst">11#in:1</P>
        </Branch>
        <Branch>
          <P Name="ZOrder">69</P>
          <P Name="Points">[5, 0]</P>
          <Branch>
            <P Name="ZOrder">68</P>
            <P Name="Points">[0, 39]</P>
            <P Name="Dst">13#in:1</P>
          </Branch>
          <Branch>
            <P Name="ZOrder">67</P>
            <P Name="Points">[13, 0; 0, -31]</P>
            <P Name="Dst">23#in:1</P>
          </Branch>
        </Branch>
      </Line>
      <Line>
        <P Name="ZOrder">63</P>
        <P Name="Src">14#out:1</P>
        <P Name="Dst">16#in:1</P>
      </Line>
      <Line>
        <P Name="ZOrder">64</P>
        <P Name="Src">4#out:1</P>
        <P Name="Dst">15#in:1</P>
      </Line>
      <Line>
        <P Name="ZOrder">65</P>
        <P Name="Src">23#out:1</P>
        <P Name="Dst">22#in:1</P>
      </Line>
    </System>
  </Model>
</ModelInformation>
