<?xml version="1.0" encoding="UTF-8" standalone="yes" ?><cp:coreProperties xmlns:cp="http://schemas.openxmlformats.org/package/2006/metadata/core-properties" xmlns:dc="http://purl.org/dc/elements/1.1/" xmlns:dcmitype="http://purl.org/dc/dcmitype/" xmlns:dcterms="http://purl.org/dc/terms/" xmlns:xsi="http://www.w3.org/2001/XMLSchema-instance"><cp:category>model</cp:category><dcterms:created xsi:type="dcterms:W3CDTF">2024-09-26T18:56:46Z</dcterms:created><dc:creator>circuit</dc:creator><cp:lastModifiedBy>circuit</cp:lastModifiedBy><dcterms:modified xsi:type="dcterms:W3CDTF">2024-09-26T22:58:58Z</dcterms:modified><cp:revision>1.28</cp:revision><cp:version>R2015a</cp:version></cp:coreProperties>